-- MySQL dump 10.13  Distrib 8.0.43, for Linux (x86_64)
--
-- Host: localhost    Database: qltb
-- ------------------------------------------------------
-- Server version	8.0.43-0ubuntu0.22.04.1

/*!40101 SET @OLD_CHARACTER_SET_CLIENT=@@CHARACTER_SET_CLIENT */;
/*!40101 SET @OLD_CHARACTER_SET_RESULTS=@@CHARACTER_SET_RESULTS */;
/*!40101 SET @OLD_COLLATION_CONNECTION=@@COLLATION_CONNECTION */;
/*!50503 SET NAMES utf8mb4 */;
/*!40103 SET @OLD_TIME_ZONE=@@TIME_ZONE */;
/*!40103 SET TIME_ZONE='+00:00' */;
/*!40014 SET @OLD_UNIQUE_CHECKS=@@UNIQUE_CHECKS, UNIQUE_CHECKS=0 */;
/*!40014 SET @OLD_FOREIGN_KEY_CHECKS=@@FOREIGN_KEY_CHECKS, FOREIGN_KEY_CHECKS=0 */;
/*!40101 SET @OLD_SQL_MODE=@@SQL_MODE, SQL_MODE='NO_AUTO_VALUE_ON_ZERO' */;
/*!40111 SET @OLD_SQL_NOTES=@@SQL_NOTES, SQL_NOTES=0 */;

--
-- Table structure for table `asset_categories`
--

DROP TABLE IF EXISTS `asset_categories`;
/*!40101 SET @saved_cs_client     = @@character_set_client */;
/*!50503 SET character_set_client = utf8mb4 */;
CREATE TABLE `asset_categories` (
  `id` int NOT NULL AUTO_INCREMENT,
  `name` varchar(255) NOT NULL,
  `description` text,
  `created_at` timestamp NULL DEFAULT CURRENT_TIMESTAMP,
  `updated_at` timestamp NULL DEFAULT CURRENT_TIMESTAMP ON UPDATE CURRENT_TIMESTAMP,
  PRIMARY KEY (`id`),
  UNIQUE KEY `name` (`name`)
) ENGINE=InnoDB AUTO_INCREMENT=6 DEFAULT CHARSET=utf8mb4 COLLATE=utf8mb4_0900_ai_ci;
/*!40101 SET character_set_client = @saved_cs_client */;

--
-- Dumping data for table `asset_categories`
--

LOCK TABLES `asset_categories` WRITE;
/*!40000 ALTER TABLE `asset_categories` DISABLE KEYS */;
INSERT INTO `asset_categories` VALUES (1,'TB sản xuất','Các thiết bị phục vụ cho hoạt động sản xuất, dây chuyền.','2025-09-28 10:18:00','2025-09-28 10:18:00'),(2,'TB công nghệ thông tin','Máy tính, server, thiết bị mạng, lưu trữ.','2025-09-28 10:18:00','2025-09-28 10:18:00'),(3,'TB kiểm nghiệm','Dụng cụ và máy móc phục vụ kiểm nghiệm, phòng lab.','2025-09-28 10:18:00','2025-09-28 10:18:00'),(4,'TB văn phòng','Máy in, photocopy, nội thất và các TB văn phòng khác.','2025-09-28 10:18:00','2025-09-28 10:18:00'),(5,'Phương tiện giao thông','Xe nâng, xe đẩy, xe ô tô, xe máy dùng cho công việc.','2025-09-28 10:18:00','2025-09-28 10:18:00');
/*!40000 ALTER TABLE `asset_categories` ENABLE KEYS */;
UNLOCK TABLES;

--
-- Table structure for table `assets`
--

DROP TABLE IF EXISTS `assets`;
/*!40101 SET @saved_cs_client     = @@character_set_client */;
/*!50503 SET character_set_client = utf8mb4 */;
CREATE TABLE `assets` (
  `id` int NOT NULL AUTO_INCREMENT,
  `category_id` int NOT NULL,
  `team_id` varchar(255) DEFAULT NULL,
  `asset_code` varchar(50) NOT NULL,
  `name` varchar(255) NOT NULL,
  `description` text,
  `serial_number` varchar(100) DEFAULT NULL,
  `notes` text,
  `created_by` int NOT NULL,
  `created_at` timestamp NULL DEFAULT CURRENT_TIMESTAMP,
  `updated_at` timestamp NULL DEFAULT CURRENT_TIMESTAMP ON UPDATE CURRENT_TIMESTAMP,
  PRIMARY KEY (`id`),
  UNIQUE KEY `asset_code` (`asset_code`),
  UNIQUE KEY `serial_number` (`serial_number`),
  KEY `fk_category` (`category_id`),
  KEY `fk_created_by` (`created_by`),
  KEY `fk_assets_team` (`team_id`),
  CONSTRAINT `fk_assets_team` FOREIGN KEY (`team_id`) REFERENCES `teams` (`name`),
  CONSTRAINT `fk_category` FOREIGN KEY (`category_id`) REFERENCES `asset_categories` (`id`),
  CONSTRAINT `fk_created_by` FOREIGN KEY (`created_by`) REFERENCES `users` (`id`)
) ENGINE=InnoDB AUTO_INCREMENT=2 DEFAULT CHARSET=utf8mb4 COLLATE=utf8mb4_0900_ai_ci;
/*!40101 SET character_set_client = @saved_cs_client */;

--
-- Dumping data for table `assets`
--

LOCK TABLES `assets` WRITE;
/*!40000 ALTER TABLE `assets` DISABLE KEYS */;
INSERT INTO `assets` VALUES (1,1,'PX2','TB00001','Máy dập viên','Máy dập viên phân xưởng 2',NULL,NULL,596,'2025-09-28 13:34:09','2025-09-28 13:34:09');
/*!40000 ALTER TABLE `assets` ENABLE KEYS */;
UNLOCK TABLES;

--
-- Table structure for table `teams`
--

DROP TABLE IF EXISTS `teams`;
/*!40101 SET @saved_cs_client     = @@character_set_client */;
/*!50503 SET character_set_client = utf8mb4 */;
CREATE TABLE `teams` (
  `name` varchar(255) NOT NULL,
  `description` text,
  `created_at` datetime DEFAULT CURRENT_TIMESTAMP,
  `team_leader` int DEFAULT NULL,
  PRIMARY KEY (`name`),
  KEY `fk_team_leader` (`team_leader`),
  CONSTRAINT `fk_team_leader` FOREIGN KEY (`team_leader`) REFERENCES `users` (`id`) ON DELETE SET NULL ON UPDATE CASCADE
) ENGINE=InnoDB DEFAULT CHARSET=utf8mb4 COLLATE=utf8mb4_0900_ai_ci;
/*!40101 SET character_set_client = @saved_cs_client */;

--
-- Dumping data for table `teams`
--

LOCK TABLES `teams` WRITE;
/*!40000 ALTER TABLE `teams` DISABLE KEYS */;
INSERT INTO `teams` VALUES ('BGĐ','','2025-09-27 08:14:50',101),('CLPC','Phòng Chất lượng pháp chế','2025-09-27 08:14:50',88),('Công đoàn','','2025-09-27 08:14:50',88),('Đăng ký','Phòng Đăng ký thuốc','2025-09-27 08:14:50',991),('ĐBCL','','2025-09-27 08:14:50',31),('ĐT&NC','Phòng Đào tạo và Nghiên cứu','2025-09-27 08:14:50',142),('HC','Phòng Hành Chính','2025-09-27 08:14:50',142),('Kế Toán SX & DA','','2025-09-27 08:14:50',298),('KHKV','Phòng Kế Hoạch Kho Vận','2025-09-27 08:14:50',260),('KHTH','Phòng Kế Hoạch Tổng hợp','2025-09-27 08:14:50',66),('Kinh Doanh','Phòng Kinh Doanh','2025-09-27 08:14:50',243),('KTCL','Phòng kiểm tra chất lượng','2025-09-27 08:14:50',297),('KTKD & TC','Phòng Kế toán kinh doanh và tài chính','2025-09-27 08:14:50',962),('Kỹ Thuật','Phòng Kỹ Thuật nhà máy Bắc Ninh','2025-09-27 08:14:50',158),('Marketing','','2025-09-27 08:14:50',900),('NCPT','Phòng Nghiên cứu phát triển','2025-09-27 08:14:50',67),('PX1','Phân xưởng 1 nhà máy Bắc Ninh','2025-09-27 08:14:50',272),('PX2','Phân xưởng 2 nhà máy Bắc Ninh','2025-09-27 08:14:50',236),('PX3','Phân xưởng 3 nhà máy Bắc Ninh','2025-09-27 08:14:50',272),('PX4','Phân xưởng 4 nhà máy Bắc Ninh','2025-09-27 08:14:50',236),('PX5','Phân xưởng 5 nhà máy Bắc Ninh','2025-09-27 08:14:50',158),('PXCX','Phân xưởng chiết xuất','2025-09-27 08:14:50',577),('Tổ chức','Phòng tổ chức','2025-09-27 08:14:50',142),('xưởng cơ điện','xưởng cơ điện nhà máy Bắc Ninh','2025-09-27 08:14:50',300);
/*!40000 ALTER TABLE `teams` ENABLE KEYS */;
UNLOCK TABLES;

--
-- Table structure for table `users`
--

DROP TABLE IF EXISTS `users`;
/*!40101 SET @saved_cs_client     = @@character_set_client */;
/*!50503 SET character_set_client = utf8mb4 */;
CREATE TABLE `users` (
  `id` int NOT NULL AUTO_INCREMENT,
  `employee_code` varchar(20) DEFAULT NULL,
  `name` varchar(255) NOT NULL,
  `department` varchar(255) DEFAULT NULL,
  `position` varchar(255) NOT NULL,
  `email` varchar(255) NOT NULL,
  `phoneNumber` varchar(255) DEFAULT NULL,
  `password` varchar(255) NOT NULL,
  `avatar` varchar(255) DEFAULT NULL,
  `createAt` datetime DEFAULT CURRENT_TIMESTAMP,
  `updateAt` datetime DEFAULT CURRENT_TIMESTAMP ON UPDATE CURRENT_TIMESTAMP,
  `sex` varchar(255) DEFAULT NULL,
  `deleted_at` datetime DEFAULT NULL,
  PRIMARY KEY (`id`),
  UNIQUE KEY `email` (`email`),
  UNIQUE KEY `employee_code` (`employee_code`)
) ENGINE=InnoDB AUTO_INCREMENT=1017 DEFAULT CHARSET=utf8mb4 COLLATE=utf8mb4_0900_ai_ci;
/*!40101 SET character_set_client = @saved_cs_client */;

--
-- Dumping data for table `users`
--

LOCK TABLES `users` WRITE;
/*!40000 ALTER TABLE `users` DISABLE KEYS */;
INSERT INTO `users` VALUES (5,'K01','LÂM THẾ ĐA','HC','NV','lamtheda@gmail.com','','default123',NULL,'2025-09-26 15:04:18','2025-09-26 15:04:18','Nam',NULL),(29,'0029','Trần Văn Ơn','BGĐ','CG','tranvanon@gmail.com','','default123','https://res.cloudinary.com/ddkgqzoef/image/upload/v1753511090/dkpharma/image/avatar/zvphxc9dxxm5ldcljds6.png','2025-09-26 15:04:18','2025-09-26 15:04:18','Nam\r',NULL),(30,'0030','Nguyễn Trường Giang','BGĐ','TGĐ','truonggiang@duockhoa.vn','','default123','https://res.cloudinary.com/ddkgqzoef/image/upload/v1753445565/dkpharma/image/avatar/j3kri0xf7a2dyw69z1dg.jpg','2025-09-26 15:04:18','2025-09-26 15:04:18','Nam\r',NULL),(31,'0031','Quách Ngọc Luyến','ĐBCL','TP','luyenqn@duockhoa.vn','','default123','https://res.cloudinary.com/ddkgqzoef/image/upload/v1752551686/dkpharma/image/avatar/zfkkljoblu15xcthyhdc.jpg','2025-09-26 15:04:18','2025-09-26 15:04:18','Nữ\r',NULL),(37,'0037','Tạ Thị Hiền','NCPT','NV','thuhien0289@gmail.com','','default123','','2025-09-26 15:04:18','2025-09-26 15:04:18','Nữ\r',NULL),(41,'0041','Nguyễn Hồng Mai','PX5','CN','nguyenhongmai11071981@gmail.com','','default123','','2025-09-26 15:04:18','2025-09-26 15:04:18','Nữ\r',NULL),(43,'0043','Hồ Thị Cẩm Vân','PX1','CN','hocamvan14101978@gmail.com','','default123','','2025-09-26 15:04:18','2025-09-26 15:04:18','Nữ\r',NULL),(52,'0052','Trần Khắc Hùng','PX1','CN','trankhachung2209@gmail.com','','default123','','2025-09-26 15:04:18','2025-09-26 15:04:18','Nam\r',NULL),(66,'0066','Nguyễn Thị Minh Phương','KHTH','TP','minhphuong@dkpharma.vn','','default123','https://res.cloudinary.com/ddkgqzoef/image/upload/v1752551370/dkpharma/image/avatar/hd4vkcw3qjevgjggqq19.jpg','2025-09-26 15:04:18','2025-09-26 15:04:18','Nữ\r',NULL),(67,'0067','Vũ An Phượng','NCPT','TP','anphuong@dkpharma.vn','','default123','https://res.cloudinary.com/ddkgqzoef/image/upload/v1752551624/dkpharma/image/avatar/mdi2cyz46tqhxzgk1nva.jpg','2025-09-26 15:04:18','2025-09-26 15:04:18','Nữ\r',NULL),(88,'0088','Hoàng Sỹ Đường','BGĐ','GĐ','duonghs@duockhoa.vn','','default123','https://res.cloudinary.com/ddkgqzoef/image/upload/v1752514186/dkpharma/image/avatar/oadd95lf130wdsbivtuj.jpg','2025-09-26 15:04:18','2025-09-26 15:04:18','Nam\r',NULL),(100,'0100','Lê Ngọc Chi','KTKD & TC','NV','lechi.dkpharma@gmail.com','','default123',NULL,'2025-09-26 15:04:18','2025-09-26 15:04:18','Nữ',NULL),(101,'0101','Phạm Đình Quyết','BGĐ','TGĐ','quyetphampro@gmail.com','','default123','https://res.cloudinary.com/ddkgqzoef/image/upload/v1752513399/dkpharma/image/avatar/fb32mp4s2vldpumrbji0.jpg','2025-09-26 15:04:18','2025-09-26 15:04:18','Nam\r',NULL),(111,'0111','Lê Thị Huyền Trang','Kế Toán SX & DA','NV','lehuyentrang1606@gmail.com','','default123','https://res.cloudinary.com/ddkgqzoef/image/upload/v1752567059/dkpharma/image/avatar/oktohwtrqnafcrt2zjzd.jpg','2025-09-26 15:04:18','2025-09-26 15:04:18','Nữ\r',NULL),(142,'0142','Mai Thành Trung','Tổ chức','TP','thanhtrungdkh@gmail.com','','default123','https://res.cloudinary.com/ddkgqzoef/image/upload/v1752514080/dkpharma/image/avatar/vaqkql7l28cq8icwzkcs.jpg','2025-09-26 15:04:18','2025-09-26 15:04:18','Nam\r',NULL),(153,'0153','Nguyễn Thị Châm Anh','Kế Toán SX & DA','NV','chamanhhn@gmail.com','','default123','https://res.cloudinary.com/ddkgqzoef/image/upload/v1752550242/dkpharma/image/avatar/d4nvuyvvmg5zroacrgc0.jpg','2025-09-26 15:04:18','2025-09-26 15:04:18','Nữ\r',NULL),(158,'0158','Phạm Văn Giang','Kỹ Thuật','P.GĐ','giangpharmacy@gmail.com','','default123','https://res.cloudinary.com/ddkgqzoef/image/upload/v1752514150/dkpharma/image/avatar/oopp34b2iv9hsd8n4o5u.jpg','2025-09-26 15:04:18','2025-09-26 15:04:18','Nam\r',NULL),(170,'0170','Lê Xuân Tân','PX1','CN','lexuantandk1991@gmail.com','','default123','https://res.cloudinary.com/ddkgqzoef/image/upload/v1753677462/dkpharma/image/avatar/gk5lhi2uhkduzdftx4jg.jpg','2025-09-26 15:04:18','2025-09-26 15:04:18','Nam\r',NULL),(205,'0205','Hà Đăng Thành','BGĐ','P.TGĐ','dangthanh@dkpharma.vn','','default123','https://res.cloudinary.com/ddkgqzoef/image/upload/v1753261111/dkpharma/image/avatar/x5iouy9mjovgggc2ozjd.jpg','2025-09-26 15:04:18','2025-09-26 15:04:18','Nam\r',NULL),(220,'0220','Bùi Thị Trang','KHKV','NV','buithitrang.mn@gmail.com','','default123','https://res.cloudinary.com/ddkgqzoef/image/upload/v1753261165/dkpharma/image/avatar/xoha9uuhy9dr6f2pjrva.jpg','2025-09-26 15:04:18','2025-09-26 15:04:18','Nữ\r',NULL),(234,'0234','Bùi Thị Phượng','KHTH','NV','buiphuongdkh@gmail.com','','default123','https://res.cloudinary.com/ddkgqzoef/image/upload/v1752551240/dkpharma/image/avatar/j25kxs5byyajphuydalg.jpg','2025-09-26 15:04:18','2025-09-26 15:04:18','Nữ\r',NULL),(236,'0236','Lê Công Nhật','PX2','QĐ','lecongnhat.bn@gmail.com','','default123','https://res.cloudinary.com/ddkgqzoef/image/upload/v1752550332/dkpharma/image/avatar/aejp1f6ognkdi3fg5zfo.jpg','2025-09-26 15:04:18','2025-09-26 15:04:18','Nam\r',NULL),(243,'0243','Lưu Quang Sáng','Kinh Doanh','TP','quangsang@dkpharma.vn','','default123','https://res.cloudinary.com/ddkgqzoef/image/upload/v1753260272/dkpharma/image/avatar/tzhqkd90qkjqhkkhubsi.jpg','2025-09-26 15:04:18','2025-09-26 15:04:18','Nam\r',NULL),(260,'0260','Lê Thị Giang','KHKV','PT','Lethigiang248@gmail.com','','default123','https://res.cloudinary.com/ddkgqzoef/image/upload/v1752552426/dkpharma/image/avatar/uenlslq8jh8c7wensxnt.jpg','2025-09-26 15:04:18','2025-09-26 15:04:18','Nữ\r',NULL),(272,'0272','Ngô Xuân Đăng','PX1','QĐ','ngodang007@gmail.com','','default123','https://res.cloudinary.com/ddkgqzoef/image/upload/v1752551499/dkpharma/image/avatar/yl0cg4sapgzwboxc0blt.jpg','2025-09-26 15:04:18','2025-09-26 15:04:18','Nam\r',NULL),(274,'0274','Nguyễn Anh Thư','KTCL','NV','anhthuht1996@gmail.com','','default123','https://res.cloudinary.com/ddkgqzoef/image/upload/v1753261798/dkpharma/image/avatar/b4kchzum1xgwcfblrlug.jpg','2025-09-26 15:04:18','2025-09-26 15:04:18','Nữ\r',NULL),(278,'0278','Vũ Sơn Anh','xưởng cơ điện','NV','vusonanh86@gmail.com','','default123','','2025-09-26 15:04:18','2025-09-26 15:04:18','Nam\r',NULL),(293,'0293','Hán Văn Đông','PX1','CN','nguyenthingu1971@icloud.com','','default123','','2025-09-26 15:04:18','2025-09-26 15:04:18','Nam\r',NULL),(294,'0294','Bùi Đức Quang','PX4','TT','skymisaya@gmail.com','','default123','https://res.cloudinary.com/ddkgqzoef/image/upload/v1753259838/dkpharma/image/avatar/re8jusx5bkzfxnlietlj.jpg','2025-09-26 15:04:18','2025-09-26 15:04:18','Nam\r',NULL),(297,'0297','Trần Thị Minh Thúy','KTCL','TP','minhthuy2102hup@gmail.com','','default123','https://res.cloudinary.com/ddkgqzoef/image/upload/v1752551548/dkpharma/image/avatar/ofubrs8dm3i8yemwklx1.jpg','2025-09-26 15:04:18','2025-09-26 15:04:18','Nữ\r',NULL),(298,'0298','Trương Thanh Nhàn','Kế Toán SX & DA','TP','thanhnhan@dkpharma.vn','','default123','https://res.cloudinary.com/ddkgqzoef/image/upload/v1752513984/dkpharma/image/avatar/ru34y4aarxixvt1k5n2n.jpg','2025-09-26 15:04:18','2025-09-26 15:04:18','Nữ\r',NULL),(300,'0300','Mai Hòa Hiệp','xưởng cơ điện','QĐ','hiepmaihoa1977@gmail.com','','default123','https://res.cloudinary.com/ddkgqzoef/image/upload/v1753259911/dkpharma/image/avatar/v5rzfly2wdryrfxw1p4c.jpg','2025-09-26 15:04:18','2025-09-26 15:04:18','Nam\r',NULL),(311,'0311','Lương Hoài Phương','Kế Toán SX & DA','NV','phuonglh29@gmail.com','','default123','https://res.cloudinary.com/ddkgqzoef/image/upload/v1752546894/dkpharma/image/avatar/m1s9a8is5gusvzy1pcag.jpg','2025-09-26 15:04:18','2025-09-26 15:04:18','Nữ\r',NULL),(322,'0322','Phạm Văn Hoạt','xưởng cơ điện','NV','phamhoat27052014@gmail.com','','default123','','2025-09-26 15:04:18','2025-09-26 15:04:18','Nam\r',NULL),(338,'0338','Nguyễn Thị Yến','PX5','TT','nguyenyen14051990@gmail.com','','default123','','2025-09-26 15:04:18','2025-09-26 15:04:18','Nữ\r',NULL),(347,'0347','Đức Thị Thanh','PX5','CN','thanhduc040490@gmail.com','','default123','','2025-09-26 15:04:18','2025-09-26 15:04:18','Nữ\r',NULL),(357,'0357','Lê Thị Chà','PX5','CN','lec028949@gmail.com','','default123','','2025-09-26 15:04:18','2025-09-26 15:04:18','Nữ\r',NULL),(359,'0359','Trần Thị Thuyên','PX5','CN','tranthuyen051991@gmail.com','','default123','','2025-09-26 15:04:18','2025-09-26 15:04:18','Nữ\r',NULL),(411,'0411','Đặng Thị Nhâm','KHKV','NV','dangthinham1985bn@gmail.com','','default123','https://res.cloudinary.com/ddkgqzoef/image/upload/v1754562659/dkpharma/image/avatar/gezgurnmizdlyyukm9oq.jpg','2025-09-26 15:04:18','2025-09-26 15:04:18','Nữ\r',NULL),(417,'0417','Đinh Thị Hoài','KTCL','NV','dinhhoaind96@gmail.com','','default123','https://res.cloudinary.com/ddkgqzoef/image/upload/v1753259703/dkpharma/image/avatar/dzboecywdhsagk7cnruq.jpg','2025-09-26 15:04:18','2025-09-26 15:04:18','Nữ\r',NULL),(428,'0428','Tạ Quang Ngọc','Kinh Doanh','','taquangngoc@gmail.com','','default123','','2025-09-26 15:04:18','2025-09-26 15:04:18','Nam\r',NULL),(436,'0436','Trương Văn Mạnh','PX2','CN','truongmanh178@gmail.com','','default123','','2025-09-26 15:04:18','2025-09-26 15:04:18','Nam\r',NULL),(438,'0438','Lê Đình Cảnh','KTCL','NV','dinhcanhb1@gmail.com','','default123','https://res.cloudinary.com/ddkgqzoef/image/upload/v1758963064/dkpharma/image/avatar/plokj7hxyg4golsv6xml.jpg','2025-09-26 15:04:18','2025-09-28 10:09:07','Nam\r',NULL),(443,'0443','Nguyễn Thị Thanh Tuyền','HC','TN','tuyenntt.dkpharma@gmail.com','','default123','https://res.cloudinary.com/ddkgqzoef/image/upload/v1752514036/dkpharma/image/avatar/hcobdlt5cx3dcjkqjoti.jpg','2025-09-26 15:04:18','2025-09-26 15:04:18','Nữ\r',NULL),(449,'0449','Vũ Thị Phương','ĐBCL','NV','phuongarlyn@gmail.com','','default123','https://res.cloudinary.com/ddkgqzoef/image/upload/v1754104201/dkpharma/image/avatar/mlevxyhjm8oocyk8xtk0.jpg','2025-09-26 15:04:18','2025-09-26 15:04:18','Nữ\r',NULL),(457,'0457','Vũ Thanh Lam','NCPT','NV','lamvinh9603@gmail.com','','default123','https://res.cloudinary.com/ddkgqzoef/image/upload/v1753260131/dkpharma/image/avatar/mh5augoudnr4trwjyap7.jpg','2025-09-26 15:04:18','2025-09-26 15:04:18','Nữ\r',NULL),(472,'0472','Đỗ Thị Thảo','PXCX','NV','dothithao060896@gmail.com','','default123','https://res.cloudinary.com/ddkgqzoef/image/upload/v1758254503/dkpharma/image/avatar/ywlvjn5e1evkagkkfulz.jpg','2025-09-26 15:04:18','2025-09-26 15:04:18','Nữ\r',NULL),(483,'0483','Đặng Thị Hải Yến','NCPT','NV','dangthihaiyen.95@gmail.com','','default123','https://res.cloudinary.com/ddkgqzoef/image/upload/v1753260554/dkpharma/image/avatar/umlwwecabqqsc1284wlb.jpg','2025-09-26 15:04:18','2025-09-26 15:04:18','Nữ\r',NULL),(485,'0485','Nguyễn Thị Thu Thảo','PX5','CN','1906thaonguyena@gmail.com','','default123','','2025-09-26 15:04:18','2025-09-26 15:04:18','Nữ\r',NULL),(488,'0488','Nguyễn Thị Hoài','PX5','CN','nguyenhoai18031987@gmail.com','','default123','','2025-09-26 15:04:18','2025-09-26 15:04:18','Nữ\r',NULL),(490,'0490','Trần Thị Hoa','KTCL','NV','tranhoa03011995@gmail.com','','default123','https://res.cloudinary.com/ddkgqzoef/image/upload/v1754562733/dkpharma/image/avatar/xhmdjllqt0hnhqq04lyf.jpg','2025-09-26 15:04:18','2025-09-26 15:04:18','Nữ\r',NULL),(492,'0492','Đỗ Thị Hải Yến','PX5','CN','dothihaiyen0804@gmail.com','','default123','','2025-09-26 15:04:18','2025-09-26 15:04:18','Nữ\r',NULL),(493,'0493','Trần Thị Tuyết','PX5','CN','trantuyet89bn@gmail.com','','default123','','2025-09-26 15:04:18','2025-09-26 15:04:18','Nữ\r',NULL),(523,'0523','Hoàng Thu Thủy','KHKV','NV','thuycun1508@gmail.com','','default123','https://res.cloudinary.com/ddkgqzoef/image/upload/v1753261371/dkpharma/image/avatar/sf8g1b6l2p4p3mqxy7b6.png','2025-09-26 15:04:18','2025-09-26 15:04:18','Nữ\r',NULL),(534,'0534','Nguyễn Thị Hợi','PX4','CN','pignguyen1902@gmail.com','','default123','','2025-09-26 15:04:18','2025-09-26 15:04:18','Nữ\r',NULL),(535,'0535','Hạp Thị Hoa','PX2','CN','hapthihoa94@gmail.com','','default123','','2025-09-26 15:04:18','2025-09-26 15:04:18','Nữ\r',NULL),(542,'0542','Nguyễn Thị Gấm','PX5','CN','gam28061985@gmail.com','','default123','','2025-09-26 15:04:18','2025-09-26 15:04:18','Nữ\r',NULL),(550,'0550','Dương Thị Lương','PX3','CN','luong06051986@gmail.com','','default123','','2025-09-26 15:04:18','2025-09-26 15:04:18','Nữ\r',NULL),(556,'0556','Trần Thị Hải Vân','KTCL','NV','haivan1951996@gmail.com','','default123','https://res.cloudinary.com/ddkgqzoef/image/upload/v1753261462/dkpharma/image/avatar/ho9xf34aqrhmeqnkeebz.jpg','2025-09-26 15:04:18','2025-09-26 15:04:18','Nữ\r',NULL),(562,'0562','Nguyễn Thị Thu','PX3','CN','nguyenthu28392@gmail.com','','default123','','2025-09-26 15:04:18','2025-09-26 15:04:18','Nữ\r',NULL),(574,'0574','Mai Trọng Đạt','KHKV','NV','maidat1995.bn@gmail.com','','default123','','2025-09-26 15:04:18','2025-09-26 15:04:18','Nam\r',NULL),(577,'0577','Nguyễn Đức Quyết','PXCX','QĐ','nguyenducquyet150484@gmail.com','','default123','https://res.cloudinary.com/ddkgqzoef/image/upload/v1753502728/dkpharma/image/avatar/aij8gfxo7gqqwfgnqjyf.jpg','2025-09-26 15:04:18','2025-09-26 15:04:18','Nam\r',NULL),(584,'0584','Nguyễn Ngọc Trung','HC','NV','nguyenngoctrung_hanoi2004@yahoo.com','','default123','','2025-09-26 15:04:18','2025-09-26 15:04:18','Nam\r',NULL),(596,'0596','Phạm Văn Bình','ĐBCL','NV','phamvanbinh97hup@gmail.com','','default123','https://res.cloudinary.com/ddkgqzoef/image/upload/v1752514231/dkpharma/image/avatar/wvi5n35cgpqocwl6jcyx.jpg','2025-09-26 15:04:18','2025-09-26 15:04:18','Nam\r',NULL),(603,'0603','Đoàn Công Tuệ','PX1','CN','daikatueck18a2@gmail.com','','default123','','2025-09-26 15:04:18','2025-09-26 15:04:18','Nam\r',NULL),(604,'0604','Trần Thị Nhung','ĐBCL','NV','nhungtrands166@gmail.com','','default123','https://res.cloudinary.com/ddkgqzoef/image/upload/v1753262166/dkpharma/image/avatar/u3fwukvjnpmemnjmgbof.jpg','2025-09-26 15:04:18','2025-09-26 15:04:18','Nữ\r',NULL),(612,'0612','Trương Thị Thúy Nga','ĐBCL','NV','ngatttanna24111998@gmail.com','','default123','','2025-09-26 15:04:18','2025-09-26 15:04:18','Nữ\r',NULL),(613,'0613','Nguyễn Thị Xuân','PX5','CN','nguyenthixuan07082015@gmail.com','','default123','','2025-09-26 15:04:18','2025-09-26 15:04:18','Nữ\r',NULL),(622,'0622','Nguyễn Thị Dựa','PX5','CN','lecongthang4287@gmail.com','','default123','','2025-09-26 15:04:18','2025-09-26 15:04:18','Nữ\r',NULL),(630,'0630','Ngô Thị Mai','KHTH','NV','ngomai0206@gmail.com','','default123','https://res.cloudinary.com/ddkgqzoef/image/upload/v1754039525/dkpharma/image/avatar/puijdmzz1cbmm9rt4dta.jpg','2025-09-26 15:04:18','2025-09-26 15:04:18','Nữ\r',NULL),(637,'0637','Nguyễn Khánh Tùng','Kỹ Thuật','NV','tungkhanhnguyen2951@gmail.com','','default123','https://res.cloudinary.com/ddkgqzoef/image/upload/v1753345480/dkpharma/image/avatar/mnbbrv1qwhxxtviztvrk.jpg','2025-09-26 15:04:18','2025-09-26 15:04:18','Nam\r',NULL),(641,'0641','Nguyễn Thị Hồng','KHKV','NV','nguyenhong0807bn@gmail.com','','default123','https://res.cloudinary.com/ddkgqzoef/image/upload/v1753259744/dkpharma/image/avatar/ivmdixwfvzg62q8kvoor.jpg','2025-09-26 15:04:18','2025-09-26 15:04:18','Nữ\r',NULL),(656,'0656','Vũ Thị Quỳnh','KTCL','NV','kaoquynh99@gmail.com','','default123','https://res.cloudinary.com/ddkgqzoef/image/upload/v1758764587/dkpharma/image/avatar/tftc41mp2kmdrd08yzr3.jpg','2025-09-26 15:04:18','2025-09-26 15:04:18','Nữ\r',NULL),(658,'0658','Nguyễn Thị Uyên','KTCL','NV','nguyenthiuyen6a1@gmail.com','','default123','https://res.cloudinary.com/ddkgqzoef/image/upload/v1758764723/dkpharma/image/avatar/dony0focffcmth6myb8p.jpg','2025-09-26 15:04:18','2025-09-26 15:04:18','Nữ\r',NULL),(665,'0665','Nguyễn Thị Hà','PXCX','NV','nguyenhaa1k11@gmail.com','','default123','','2025-09-26 15:04:18','2025-09-26 15:04:18','Nữ\r',NULL),(666,'0666','Nguyễn Thị Hoa','PXCX','NV','nguyenhoa246246@gmail.com','','default123','https://res.cloudinary.com/ddkgqzoef/image/upload/v1753259980/dkpharma/image/avatar/feizfawwlzld5hnpgesb.jpg','2025-09-26 15:04:18','2025-09-26 15:04:18','Nữ\r',NULL),(670,'0670','Nguyễn Thu Trang','Tổ chức','NV','trangnt.dkpharma@gmail.com','','default123','','2025-09-26 15:04:18','2025-09-26 15:04:18','Nữ\r',NULL),(678,'0678','Lê Thị Trang','PX5','CN','letrangngocdiem@gmail.com','','default123','','2025-09-26 15:04:18','2025-09-26 15:04:18','Nữ\r',NULL),(679,'0679','Nguyễn Thị Hà','NCPT','NV','cafevanhieu2020@gmail.com','','default123','https://res.cloudinary.com/ddkgqzoef/image/upload/v1753925057/dkpharma/image/avatar/xws9umvuq7l11y8ifz79.jpg','2025-09-26 15:04:18','2025-09-26 15:04:18','Nữ\r',NULL),(687,'0687','Nguyễn Thị Thu','PX5','CN','thu89310@gmail.com','','default123','','2025-09-26 15:04:18','2025-09-26 15:04:18','Nữ\r',NULL),(706,'0706','Trần Thị Thu Trang','Tổ chức','NV','trangttt.dkpharma@gmail.com','','default123','https://res.cloudinary.com/ddkgqzoef/image/upload/v1752563545/dkpharma/image/avatar/jb4rkv8rvytx9zco5qcq.jpg','2025-09-26 15:04:18','2025-09-26 15:04:18','Nữ\r',NULL),(708,'0708','Bùi Xuân Trường','xưởng cơ điện','NV','truong151174@gmail.com','','default123','','2025-09-26 15:04:18','2025-09-26 15:04:18','Nam\r',NULL),(710,'0710','Lương Thị Bích','PX5','CN','luongbich379@gmail.com','','default123','','2025-09-26 15:04:18','2025-09-26 15:04:18','Nữ\r',NULL),(716,'0716','Nguyễn Thị My','PX5','CN','a0974095883@gmail.com','','default123','','2025-09-26 15:04:18','2025-09-26 15:04:18','Nữ\r',NULL),(718,'0718','Nguyễn Huy Tuấn','PX2','CN','huy.tuan199881@gmail.com','','default123','https://res.cloudinary.com/ddkgqzoef/image/upload/v1753260794/dkpharma/image/avatar/b27eimixe4pyzo0l3csp.jpg','2025-09-26 15:04:18','2025-09-26 15:04:18','Nam\r',NULL),(726,'0726','Nguyễn Thị Hiền','PX5','CN','hiennguyen89bn@gmail.com','','default123','','2025-09-26 15:04:18','2025-09-26 15:04:18','Nữ\r',NULL),(733,'0733','Bùi Thị Thơm','Kỹ Thuật','NV','thombui511@gmail.com','','default123','https://res.cloudinary.com/ddkgqzoef/image/upload/v1753346261/dkpharma/image/avatar/ogukujgsgr3kqdntbh0d.jpg','2025-09-26 15:04:18','2025-09-26 15:04:18','Nữ\r',NULL),(743,'0743','Vũ Thị Hà','PX1','CN','kehaimat.codon@gmail.com','','default123','','2025-09-26 15:04:18','2025-09-26 15:04:18','Nữ\r',NULL),(744,'0744','Nguyễn Thị Lan Anh','KHKV','NV','nguyenlananh1223@gmail.com','','default123','https://res.cloudinary.com/ddkgqzoef/image/upload/v1754565199/dkpharma/image/avatar/sovseo61x1dbpze8yrkb.jpg','2025-09-26 15:04:18','2025-09-26 15:04:18','Nữ\r',NULL),(745,'0745','Nguyễn Thị Diệu','NCPT','NV','dieuthainguyen98@gmail.com','','default123','https://res.cloudinary.com/ddkgqzoef/image/upload/v1753259662/dkpharma/image/avatar/drjj6pmdhqgupawzrvl1.jpg','2025-09-26 15:04:18','2025-09-26 15:04:18','Nữ\r',NULL),(747,'0747','Nguyễn Vân Anh','NCPT','NV','vananhnva23@gmail.com','','default123','','2025-09-26 15:04:18','2025-09-26 15:04:18','Nữ\r',NULL),(754,'0754','Lê Thu Hương','HC','NV','huonglt.dkpharma@gmail.com','','default123','https://res.cloudinary.com/ddkgqzoef/image/upload/v1753242331/dkpharma/image/avatar/jbokzhi7xesifhknwc8w.jpg','2025-09-26 15:04:18','2025-09-26 15:04:18','Nữ\r',NULL),(757,'0757','Trần Thị Lý','PX5','CN','tranly191106@gmail.com','','default123','https://res.cloudinary.com/ddkgqzoef/image/upload/v1756902039/dkpharma/image/avatar/ugtybpfp5oxemeepfqad.jpg','2025-09-26 15:04:18','2025-09-26 15:04:18','Nữ\r',NULL),(769,'0769','Mẫn Thị Hiên','KHTH','NV','bnmanhien96@gmail.com','','default123','','2025-09-26 15:04:18','2025-09-26 15:04:18','Nữ\r',NULL),(775,'0775','Nguyễn Thị Huệ','HC','NV','huent1206@gmail.com','','default123','https://res.cloudinary.com/ddkgqzoef/image/upload/v1752587834/dkpharma/image/avatar/jbs6vsizzplj7paq7o7l.jpg','2025-09-26 15:04:18','2025-09-26 15:04:18','Nữ\r',NULL),(776,'0776','Nguyễn Thị Nga','KHKV','NV','nga0965127719@gmail.com','','default123','https://res.cloudinary.com/ddkgqzoef/image/upload/v1753260041/dkpharma/image/avatar/scfrqkldc4hp1zpmtlml.jpg','2025-09-26 15:04:18','2025-09-26 15:04:18','Nữ\r',NULL),(784,'0784','Nguyễn Thanh Huyền','KTCL','NV','thanhhuyenn1214@gmail.com','','default123','','2025-09-26 15:04:18','2025-09-26 15:04:18','Nữ\r',NULL),(790,'0790','Lê Việt Anh','Kỹ Thuật','NV','vietanhdaihocduoc@gmail.com','','default123','https://res.cloudinary.com/ddkgqzoef/image/upload/v1753345415/dkpharma/image/avatar/fy6h1mfnbvha77oic9t5.jpg','2025-09-26 15:04:18','2025-09-26 15:04:18','Nam\r',NULL),(795,'0795','Phạm Thị Huệ','PX5','CN','phamthihue1129@gmail.com','','default123','','2025-09-26 15:04:18','2025-09-26 15:04:18','Nữ\r',NULL),(804,'0804','Hoàng Thị Phụng','PX5','CN','hoangphung960@gmail.com','','default123','','2025-09-26 15:04:18','2025-09-26 15:04:18','Nữ\r',NULL),(821,'0821','Nguyễn Kim Dũng','xưởng cơ điện','NV','dungb244@gmail.com','','default123','','2025-09-26 15:04:18','2025-09-26 15:04:18','Nam\r',NULL),(827,'0827','Hoàng Thị Thủy','KTCL','NV','hoangthuy3012000@gmail.com','','default123','https://res.cloudinary.com/ddkgqzoef/image/upload/v1753261408/dkpharma/image/avatar/ch11b6akvir0uvurqmj8.jpg','2025-09-26 15:04:18','2025-09-26 15:04:18','Nữ\r',NULL),(832,'0832','Bùi Trà My','Đăng ký','NV','buimy198@gmail.com','','default123','https://res.cloudinary.com/ddkgqzoef/image/upload/v1753416089/dkpharma/image/avatar/zoizektpqtmlszir9yh5.jpg','2025-09-26 15:04:18','2025-09-26 15:04:18','Nữ\r',NULL),(842,'0842','Nguyễn Gia Tùng','PX2','CN','giatungbn1994@gmail.com','','default123','','2025-09-26 15:04:18','2025-09-26 15:04:18','Nam\r',NULL),(847,'0847','Đặng Văn Việt','PX2','CN','dangvanviet291291@gmail.com','','default123','','2025-09-26 15:04:18','2025-09-26 15:04:18','Nam\r',NULL),(851,'0851','Đặng Thanh Xuân','KTCL','NV','thanhxuan260396@gmail.com','','default123','','2025-09-26 15:04:18','2025-09-26 15:04:18','Nữ\r',NULL),(853,'0853','Phan Thị Yến','Tổ chức','NV','phanyen20914137@gmail.com','','default123','https://res.cloudinary.com/ddkgqzoef/image/upload/v1752513944/dkpharma/image/avatar/y0swqo2sp8ks1plu5n5d.jpg','2025-09-26 15:04:18','2025-09-26 15:04:18','Nữ\r',NULL),(859,'0859','Ngô Thị Thanh','Kỹ Thuật','NV','ngothanh28032000@gmail.com','','default123','https://res.cloudinary.com/ddkgqzoef/image/upload/v1753261666/dkpharma/image/avatar/s5l5mjmqgkot4ejdblmy.jpg','2025-09-26 15:04:18','2025-09-26 15:04:18','Nữ\r',NULL),(860,'0860','Vũ Thị Thu Hà','PX1','CN','vuthuha13032000@gmail.com','','default123','','2025-09-26 15:04:18','2025-09-26 15:04:18','Nữ\r',NULL),(861,'0861','Nguyễn Quang Đạt','xưởng cơ điện','NV','quangdat4995@gmail.com','','default123','','2025-09-26 15:04:18','2025-09-26 15:04:18','Nam\r',NULL),(862,'0862','Lê Thị Bích','ĐBCL','NV','lethibich230896@gmail.com','','default123','https://res.cloudinary.com/ddkgqzoef/image/upload/v1753259786/dkpharma/image/avatar/rdbawzddtiwlfxc86kmy.jpg','2025-09-26 15:04:18','2025-09-26 15:04:18','Nữ\r',NULL),(863,'0863','Bùi Thị Ngọc Hà','Đăng ký','NV','ngocha10c1@gmail.com','','default123','https://res.cloudinary.com/ddkgqzoef/image/upload/v1753260662/dkpharma/image/avatar/ju5xla3pr1vuskodsxu3.jpg','2025-09-26 15:04:18','2025-09-26 15:04:18','Nữ\r',NULL),(866,'0866','Nguyễn Thị Lợi','PX5','CN','nguyenthiloi150388@gmail.com','','default123','','2025-09-26 15:04:18','2025-09-26 15:04:18','Nữ\r',NULL),(870,'0870','Nông Thị Thùy','PX5','CN','nhuthuyqtvp@gmail.com','','default123','','2025-09-26 15:04:18','2025-09-26 15:04:18','Nữ\r',NULL),(872,'0872','Đào Thị Loan','PX5','CN','daothiloan1987bn@gmail.com','','default123','','2025-09-26 15:04:18','2025-09-26 15:04:18','Nữ\r',NULL),(874,'0874','Hoàng Thị Hoa','KHTH','NV','hoanghoa832000@gmail.com','','default123','','2025-09-26 15:04:18','2025-09-26 15:04:18','Nữ\r',NULL),(884,'0884','Trần Kim Oanh','PX2','CN','tranoanh90bg@gmail.com','','default123','','2025-09-26 15:04:18','2025-09-26 15:04:18','Nữ\r',NULL),(887,'0887','Lang Thị Lâm','PX5','CN','langthilam18032002@gmail.com','','default123','','2025-09-26 15:04:18','2025-09-26 15:04:18','Nữ\r',NULL),(889,'0889','Đoàn Khắc Khuê','PX1','CN','khuedoan73@gmail.com','','default123','','2025-09-26 15:04:18','2025-09-26 15:04:18','Nam\r',NULL),(892,'0892','Nguyễn Thị Hằng','Kỹ Thuật','NV','hang020699@gmail.com','','default123','https://res.cloudinary.com/ddkgqzoef/image/upload/v1752762580/dkpharma/image/avatar/h4okhfukbsppfnojjiwp.jpg','2025-09-26 15:04:18','2025-09-26 15:04:18','Nữ\r',NULL),(895,'0895','Đồng Thị Thanh','PX5','CN','dongthanh1984gb@gmail.com','','default123','','2025-09-26 15:04:18','2025-09-26 15:04:18','Nữ\r',NULL),(897,'0897','Nguyễn Đức Tú','Kỹ Thuật','NV','ductu20112001@gmail.com','','default123','https://res.cloudinary.com/ddkgqzoef/image/upload/v1753345366/dkpharma/image/avatar/wctj0yg2tshxc48x3tmq.jpg','2025-09-26 15:04:18','2025-09-26 15:04:18','Nam\r',NULL),(898,'0898','Nguyễn Phương Loan','Marketing','NV','ploan.dkpharma@gmail.com','','default123','','2025-09-26 15:04:18','2025-09-26 15:04:18','Nữ\r',NULL),(900,'0900','Đỗ Anh Vũ','Marketing','TP','vu1984@gmail.com','','default123','https://res.cloudinary.com/ddkgqzoef/image/upload/v1753260456/dkpharma/image/avatar/aht9nn3rlhvech5z8gvv.jpg','2025-09-26 15:04:18','2025-09-26 15:04:18','Nam\r',NULL),(901,'0901','Hạ Văn Hùng','Marketing','NV','hung2010pro2010@gmail.com','','default123','','2025-09-26 15:04:18','2025-09-26 15:04:18','Nam\r',NULL),(902,'0902','Ngô Hải Yến','Marketing','NV','haiyen16.dk@gmail.com','','default123','','2025-09-26 15:04:18','2025-09-26 15:04:18','Nữ\r',NULL),(903,'0903','Nguyễn Hương Ly','Marketing','NV','lynguyen13399@gmail.com','','default123','','2025-09-26 15:04:18','2025-09-26 15:04:18','Nữ\r',NULL),(904,'0904','Bùi Thế Thuyết','PX1','CN','buithethuyet@gmail.com','','default123','','2025-09-26 15:04:18','2025-09-26 15:04:18','Nam\r',NULL),(905,'0905','Hoàng Thị Quyên','PX5','CN','hoangquyen1988bn@gmail.com','','default123','','2025-09-26 15:04:18','2025-09-26 15:04:18','Nữ\r',NULL),(912,'0912','Nguyễn Thị Hà Phương','CLPC','NV','phuongnguyenha2000@gmail.com','','default123','https://res.cloudinary.com/ddkgqzoef/image/upload/v1753424377/dkpharma/image/avatar/g2mubyoldw8vlfiyfrx7.jpg','2025-09-26 15:04:18','2025-09-26 15:04:18','Nữ\r',NULL),(913,'0913','Trần Thị Thu Huyền','KHTH','NV','tranhuyen191101@gmail.com','','default123','https://res.cloudinary.com/ddkgqzoef/image/upload/v1753260367/dkpharma/image/avatar/rq5lsp7i56oxfgo7ruqs.jpg','2025-09-26 15:04:18','2025-09-26 15:04:18','Nữ\r',NULL),(918,'0918','Nguyễn Thị Mơ','ĐBCL','NV','nguyenthimo191022@gmail.com','','default123','','2025-09-26 15:04:18','2025-09-26 15:04:18','Nữ\r',NULL),(922,'0922','Vũ Thị Lan','PX5','CN','vulan04061990@gmail.com','','default123','','2025-09-26 15:04:18','2025-09-26 15:04:18','Nữ\r',NULL),(924,'0924','Nguyễn Thị Lan Anh','PX5','CN','anh031192@gmail.com','','default123','','2025-09-26 15:04:18','2025-09-26 15:04:18','Nữ\r',NULL),(925,'0925','Nguyễn Thị Tươi','KTCL','NV','nguyentuoi2705@gmail.com','','default123','https://res.cloudinary.com/ddkgqzoef/image/upload/v1754118456/dkpharma/image/avatar/lan3utyusvotconlvneb.jpg','2025-09-26 15:04:18','2025-09-26 15:04:18','Nữ\r',NULL),(928,'0928','Trương Việt Thắng','CLPC','NV','vietthangtruong2705@gmail.com','','default123','https://res.cloudinary.com/ddkgqzoef/image/upload/v1753259043/dkpharma/image/avatar/qotkl2dcfewzuhjlji9g.jpg','2025-09-26 15:04:18','2025-09-26 15:04:18','Nam\r',NULL),(940,'0940','Nguyễn Mai Ngân','ĐBCL','NV','maingan2101@gmail.com','','default123','https://res.cloudinary.com/ddkgqzoef/image/upload/v1753272953/dkpharma/image/avatar/tdercpnfflf9jevosxax.jpg','2025-09-26 15:04:18','2025-09-26 15:04:18','Nữ\r',NULL),(941,'0941','Nguyễn Văn Hợi','KHKV','NV','nguyenvanhoi070883@gmail.com','','default123','https://res.cloudinary.com/ddkgqzoef/image/upload/v1753451058/dkpharma/image/avatar/wtqkzwexyegzy2v7tdts.jpg','2025-09-26 15:04:18','2025-09-26 15:04:18','Nam\r',NULL),(942,'0942','Thân Thị Thu','PX1','CN','linhtrang590@gmail.com','','default123','','2025-09-26 15:04:18','2025-09-26 15:04:18','Nữ\r',NULL),(943,'0943','Hoàng Thị Kim Thúy','ĐBCL','NV','hoangkimthuy087@gmail.com','','default123','https://res.cloudinary.com/ddkgqzoef/image/upload/v1753259590/dkpharma/image/avatar/wxaciapwm6b1zoiz3tm3.jpg','2025-09-26 15:04:18','2025-09-26 15:04:18','Nữ\r',NULL),(947,'0947','Lê Hoàng Cương','Kỹ Thuật','NV','hoangcuong18971994@gmail.com','','default123','https://res.cloudinary.com/ddkgqzoef/image/upload/v1756261260/dkpharma/image/avatar/yzgzuf9qivdiwwjuovro.jpg','2025-09-26 15:04:18','2025-09-26 15:04:18','Nam\r',NULL),(948,'0948','Trần Thu Thảo','Đăng ký','NV','thuthaoo0603@gmail.com','','default123','https://res.cloudinary.com/ddkgqzoef/image/upload/v1753259508/dkpharma/image/avatar/xkivrp1sjmcj2os0hs51.jpg','2025-09-26 15:04:18','2025-09-26 15:04:18','Nữ\r',NULL),(952,'0952','Nguyễn Thị Thu Hằng','ĐT&NC','NV','nguyenthuhang2306@gmail.com','','default123','https://res.cloudinary.com/ddkgqzoef/image/upload/v1752762785/dkpharma/image/avatar/kzhbkjyh4itxqj1apjxr.jpg','2025-09-26 15:04:18','2025-09-26 15:04:18','Nữ\r',NULL),(953,'0953','Trần Thị Phương Thảo','ĐBCL','NV','thaotranduoc@gmail.com','','default123','https://res.cloudinary.com/ddkgqzoef/image/upload/v1753379054/dkpharma/image/avatar/axtvnotmnh4shfrp5sud.jpg','2025-09-26 15:04:18','2025-09-26 15:04:18','Nữ\r',NULL),(954,'0954','Nguyễn Thị Giang','ĐBCL','NV','giangtd2001@gmail.com','','default123','https://res.cloudinary.com/ddkgqzoef/image/upload/v1753259448/dkpharma/image/avatar/adqyzbcukjkmtaiieajw.jpg','2025-09-26 15:04:18','2025-09-26 15:04:18','Nữ\r',NULL),(955,'0955','Nguyễn Thị Linh Ngọc','ĐBCL','NV','linhngocbh2001@gmail.com','','default123','','2025-09-26 15:04:18','2025-09-26 15:04:18','Nữ\r',NULL),(958,'0958','Nguyễn Hoàng Hường','Tổ chức','NV','huongnhh09@gmail.com','','default123','','2025-09-26 15:04:18','2025-09-26 15:04:18','Nữ\r',NULL),(959,'0959','Trần Đức Cường','PX1','CN','cuonghainam3f@gmail.com','','default123','','2025-09-26 15:04:18','2025-09-26 15:04:18','Nam\r',NULL),(962,'0962','Nguyễn Thị Phương Anh','KTKD & TC','TP','phuonganh.dkpharma@gmail.com','','default123','','2025-09-26 15:04:18','2025-09-26 15:04:18','Nữ\r',NULL),(963,'0963','Đoàn Hương Giang','KTKD & TC','NV','doanhuonggiang002@gmail.com','','default123','','2025-09-26 15:04:18','2025-09-26 15:04:18','Nữ\r',NULL),(965,'0965','Nguyễn Việt Anh','KTKD & TC','NV','ultimate03012002@gmail.com','','default123','https://res.cloudinary.com/ddkgqzoef/image/upload/v1753259171/dkpharma/image/avatar/swnvnfl626hksa2affg5.jpg','2025-09-26 15:04:18','2025-09-26 15:04:18','Nam\r',NULL),(967,'0967','Đỗ Mai Hoa','KTKD & TC','NV','domaihoa05@gmail.com','','default123','','2025-09-26 15:04:18','2025-09-26 15:04:18','Nữ\r',NULL),(968,'0968','Bùi Thanh Cúc','Tổ chức','TTS','thanhcuc2311@gmail.com','','default123','https://res.cloudinary.com/ddkgqzoef/image/upload/v1752513891/dkpharma/image/avatar/wijmhumqnmb9g84ybnwd.jpg','2025-09-26 15:04:18','2025-09-26 15:04:18','Nữ\r',NULL),(970,'0970','Nguyễn Thị Hạt','PX5','CN','nguyenthihat712@gmail.com','','default123','','2025-09-26 15:04:18','2025-09-26 15:04:18','Nữ\r',NULL),(972,'0972','Bùi Huy Hoàng','Tổ chức','TTS','hoangminhhh312@gmail.com','','default123','','2025-09-26 15:04:18','2025-09-26 15:04:18','Nam\r',NULL),(975,'0975','Phạm Thị Sen','Marketing','TTS','phamsen843@gmail.com','','default123','','2025-09-26 15:04:18','2025-09-26 15:04:18','Nữ\r',NULL),(977,'0977','Lê Thị Vân','Marketing','NV','vanle230620@gmail.com','','default123','','2025-09-26 15:04:18','2025-09-26 15:04:18','Nữ\r',NULL),(978,'0978','Đỗ Thị Thu Trang','PX5','CN','thutrang.dhcd96@gmail.com','','default123','','2025-09-26 15:04:18','2025-09-26 15:04:18','Nữ\r',NULL),(980,'0980','Phạm Thị Phương','KHKV','NV','phamphuong10062001@gmail.com','','default123','https://res.cloudinary.com/ddkgqzoef/image/upload/v1752759310/dkpharma/image/avatar/pdhiekmx4fjbegvp3pgp.jpg','2025-09-26 15:04:18','2025-09-26 15:04:18','Nữ\r',NULL),(981,'0981','Vũ Thị Bích Phương','Marketing','NV','bichphuongvu22@gmail.com','','default123','','2025-09-26 15:04:18','2025-09-26 15:04:18','Nữ\r',NULL),(983,'0983','Nguyễn Thị Lan Anh','Marketing','NV','lananh231101@gmail.com','','default123','','2025-09-26 15:04:18','2025-09-26 15:04:18','Nữ\r',NULL),(986,'0986','Nguyễn Thị Phượng','CLPC','NV','phuongw1a6@gmail.com','','default123','https://res.cloudinary.com/ddkgqzoef/image/upload/v1753345893/dkpharma/image/avatar/gzawkzbc9q7hgggyeomb.jpg','2025-09-26 15:04:18','2025-09-26 15:04:18','Nữ\r',NULL),(987,'0987','Trần Bá Phú','PX4','CN','tranbaphu19822025@gmail.com','','default123','','2025-09-26 15:04:18','2025-09-26 15:04:18','Nam\r',NULL),(990,'0990','Phan Thị Tú Uyên','Đăng ký','NV','Uyenpt303@gmail.com','','default123','','2025-09-26 15:04:18','2025-09-26 15:04:18','Nữ\r',NULL),(991,'0991','Hoàng Hạnh Mai','Đăng ký','PT','tp.dkt.dkp@gmail.com','','default123','https://res.cloudinary.com/ddkgqzoef/image/upload/v1753437248/dkpharma/image/avatar/u6eldat9bvoub8uopzen.jpg','2025-09-26 15:04:18','2025-09-26 15:04:18','Nữ\r',NULL),(992,'0992','Vũ Đức Anh','KTKD & TC','TTS','ducanhnb2003@gmail.com','','default123','','2025-09-26 15:04:18','2025-09-26 15:04:18','Nam\r',NULL),(997,'0997','Bế Thị My','PX5','CN','bemy90@icloud.com','','default123','','2025-09-26 15:04:18','2025-09-26 15:04:18','Nữ\r',NULL),(1000,'1000','Trần Như Thuấn','PX4','CN','trannhuthuan90@gmail.com','','default123','','2025-09-26 15:04:18','2025-09-26 15:04:18','Nam\r',NULL),(1003,'1003','Trần Văn Bắc','KHKV','NV','anhbac000@gmail.com','','default123','','2025-09-26 15:04:18','2025-09-26 15:04:18','Nam\r',NULL),(1004,'1004','Vũ Minh Tiến','ĐBCL','NV','tienvm2609@gmail.com','','default123','','2025-09-26 15:04:18','2025-09-26 15:04:18','Nam\r',NULL),(1005,'1005','Vũ Thị Thu Trang','Tổ chức','NV','trangvubn03@gmail.com','','default123','https://res.cloudinary.com/ddkgqzoef/image/upload/v1753486819/dkpharma/image/avatar/ouelodzlzsgoydbnar6l.jpg','2025-09-26 15:04:18','2025-09-26 15:04:18','Nữ\r',NULL),(1006,'1006','Vũ Văn Khánh','KHKV','NV','kv82226@gmail.com','','default123','','2025-09-26 15:04:18','2025-09-26 15:04:18','Nam\r',NULL),(1007,'1007','Nguyễn Thị Ngoan','PX5','CN','nguyenngoan758@gmail.com','','default123','','2025-09-26 15:04:18','2025-09-26 15:04:18','Nữ\r',NULL),(1009,'1009','Nguyễn Thị Lan','KHKV','NV','lancivil2001@gmail.com','','default123','https://res.cloudinary.com/ddkgqzoef/image/upload/v1758786575/dkpharma/image/avatar/rjdyuvcp3qpe25q9wkch.jpg','2025-09-26 15:04:18','2025-09-26 15:04:18','Nữ\r',NULL),(1011,'1011','Đỗ Thị Minh Thư','KHTH','NV','dominhthu0969@gmail.com','','default123','','2025-09-26 15:04:18','2025-09-26 15:04:18','Nữ',NULL),(1012,'1012','PHẠM LÂM TRANG','KTCL','NV','phamlamtrang2002.tranhungdao@gmail.com','','default123',NULL,'2025-09-26 15:04:18','2025-09-26 15:04:18','Nữ',NULL),(1013,'1013','PHƯƠNG THỊ NGÂN','KTCL','NV','phuongthingan.2002@gmail.com','','default123',NULL,'2025-09-26 15:04:18','2025-09-26 15:04:18','Nữ',NULL),(1014,'1014','Nguyễn Văn Tráng','Kỹ Thuật','NV','ngvantrangvhtb@gmail.com','0705542556','default123','https://res.cloudinary.com/ddkgqzoef/image/upload/v1757652344/dkpharma/image/avatar/hozinfyshgl6mkpk5wfo.jpg','2025-09-26 15:04:18','2025-09-26 15:04:18','Nam',NULL),(1015,'1015','Bùi Văn Thắng','ĐBCL','NV','thangbuivan2002@gmail.com','0386228661','default123',NULL,'2025-09-26 15:04:18','2025-09-26 15:04:18','Nam',NULL),(1016,'1016','Nguyễn Đức Thắng','HC','NV','thangalung999@gmail.com','0981837085','default123',NULL,'2025-09-26 15:04:18','2025-09-26 15:04:18','Nam',NULL);
/*!40000 ALTER TABLE `users` ENABLE KEYS */;
UNLOCK TABLES;
/*!40103 SET TIME_ZONE=@OLD_TIME_ZONE */;

/*!40101 SET SQL_MODE=@OLD_SQL_MODE */;
/*!40014 SET FOREIGN_KEY_CHECKS=@OLD_FOREIGN_KEY_CHECKS */;
/*!40014 SET UNIQUE_CHECKS=@OLD_UNIQUE_CHECKS */;
/*!40101 SET CHARACTER_SET_CLIENT=@OLD_CHARACTER_SET_CLIENT */;
/*!40101 SET CHARACTER_SET_RESULTS=@OLD_CHARACTER_SET_RESULTS */;
/*!40101 SET COLLATION_CONNECTION=@OLD_COLLATION_CONNECTION */;
/*!40111 SET SQL_NOTES=@OLD_SQL_NOTES */;

-- Dump completed on 2025-09-28 13:59:06
